bitcoin,991593
#bitcoin,647994
#blockchain,592450
crypto,580079
#cryptocurrency,444818
join,427409
cryptocurrency,415334
#crypto,372668
free,313544
#ico,288447
blockchain,268731
airdrop,265208
follow,252012
tokens,240521
price,236187
token,224780
#btc,216722
first,213127
2018,204604
check,193335
#ethereum,192935
#airdrop,177698
like,167595
exchange,151952
project,148699
ethereum,145600
retweet,139746
trading,137934
live,130605
news,128012
market,127884
platform,122189
telegram,121719
bonus,119945
still,118155
coin,115791
time,115187
community,109418
money,109354
#eth,108274
world,107302
people,107190
today,106599
global,106304
start,105377
great,105290
make,103731
giveaway,103414
launch,103151
litecoin,101581
good,99721
video,99223
#iot,99041
sale,98472
wallet,98174
don't,97877
ripple,97210
team,95428
last,93229
using,90272
earn,89772
giving,88341
know,88155
technology,87793
exchanges,87134
days,87009
it's,86600
https,85564
cash,85295
future,84990
read,83797
binance,83591
copy,82301
want,82280
best,82223
#xrp,82166
mining,82105
decentralized,80588
next,77816
#litecoin,77795
thanks,76070
going,75925
code,75262
address,73649
link,72170
away,71910
bank,71665
gold,70667
take,69955
come,69906
help,68604
group,67895
post,67589
#giveaway,67322
every,66329
please,65895
currency,64717
made,64668
coins,64194
users,63298
support,62939
could,62938
network,62783
#tokensale,62464
data,62172
hours,61516
need,61347
tweet,60002
right,59816
#fintech,59299
week,59139
traders,58916
send,58500
part,58333
million,58101
industry,57917
would,57798
digital,57388
latest,57290
miss,57286
#cybersecurity,57075
thank,56641
march,56405
back,56171
current,56072
cryptocurrencies,56071
share,56031
says,55947
year,55222
receive,54860
february,54852
#ripple,54416
business,54334
successful,54075
find,53175
think,53169
open,53065
worth,52906
twitter,52733
started,52525
#ltc,52519
website,52291
sign,51815
change,51710
successfully,51576
#datascience,51136
give,50725
hour,50631
becoming,50547
#token,50337
invest,50158
official,49964
left,49838
investors,49755
chance,49689
soon,49601
@ripple,49569
mainnet,49409
trades,49064
another,49025
learn,48984
value,48900
based,48836
balance,48653
#cryptocurrencies,48382
hottest,48234
article,48202
real,48186
look,47860
update,47691
central,47678
we're,47486
announce,47417
pre-sale,47278
volume,47148
much,47113
enter,46491
sell,45846
form,45709
economy,45625
high,45479
register,45262
extra,45114
channel,45092
smart,44451
trade,44141
expensive,43893
#iiot,43868
everyone,43828
popularity,43819
@kucoincom,43621
#bigdata,43465
daily,43398
gaining,43226
"5,000",42749
already,42722
claim,42217
many,42125
company,42081
investment,41836
work,41624
coming,41588
automatically,41346
ready,41272
watch,41206
signals,41022
followers,40504
ever,40157
dividend,40124
working,40112
1000,39931
payment,39707
looking,39537
coinbase,39166
create,39147
payments,39097
credits,38788
referral,38404
things,38343
also,38287
round,38115
hold,37970
guys,37956
happy,37806
"10,000",37192
members,37072
conference,37004
system,36724
selling,36716
financial,36657
participate,36587
#bounty,36318
bring,35980
security,35951
banks,35782
analysis,35759
bounty,35540
@listia,35128
visit,35082
love,34840
solution,34726
purchase,34709
companies,34376
mine,34236
available,34116
winner,34101
listed,34057
#altcoin,33997
intelligence,33969
online,33810
internet,33769
friends,33681
sure,33524
checking,33364
month,33353
game,33236
@bigmoneymike6,32795
program,32706
#altcoins,32510
content,32373
@aelfblockchain,32355
transactions,32258
artificial,32212
signal,32133
meet,32069
fast,32057
full,32044
biggest,31975
earning,31924
@sachinlulla,31881
@cointelegraph,31848
even,31808
here's,31771
huge,31470
@granvilledsc,31348
fees,31128
really,30942
hard,30910
billion,30823
private,30706
#internetofthings,30671
getting,30605
#trx,30534
@youtube,30085
#news,30014
@documenttailor,29972
block,29967
limited,29910
making,29880
used,29873
total,29850
excited,29672
@bitcoinus_io,29627
revolution,29515
well,28695
build,28579
fill,28546
amazing,28527
comment,28325
social,28309
starting,28191
click,28156
less,28138
winners,28126
pump,28051
@mvasey,28027
stuff,27993
keep,27939
review,27918
stop,27792
@coindesk,27786
become,27783
investing,27778
long,27628
received,27575
info,27526
anyone,27502
stay,27441
account,27370
friend,27157
better,27061
registration,27033
south,26998
lucky,26915
buying,26794
launches,26786
easy,26759
competition,26724
never,26692
number,26657
profit,26550
@triforcetokens,26446
starts,26305
#neo,26240
guide,26132
@satoshilite,26047
interview,26001
#tech,25907
welcome,25893
participants,25812
offer,25707
fund,25605
@pumpkinpayteam,25392
around,25330
name,25317
tech,25221
pre-ico,25172
pumpkin,24982
life,24935
event,24923
ppkc,24915
development,24850
#artificialintelligence,24833
campaign,24798
government,24594
power,24558
published,24507
public,24440
report,24439
ecosystem,24389
fork,24371
years,24338
rules,24293
autonomous,24253
learning,24120
almost,24005
projects,23898
something,23732
sold,23679
markets,23620
questions,23585
scam,23528
lino,23522
major,23522
announcement,23470
makes,23463
potential,23428
supply,23378
#free,23166
growing,23122
deposit,23117
@tendswiss,23035
#crowdsale,22983
secure,22921
sent,22917
joined,22901
partnership,22850
#tokens,22846
#machinelearning,22831
presale,22824
interesting,22734
currently,22690
minutes,22553
close,22495
#ada,22428
education,22424
main,22389
early,22314
bullish,22275
list,22250
random,22091
largest,21939
details,21882
registering,21829
officially,21827
hurry,21791
opportunity,21763
@iotrecruiting,21717
transaction,21701
added,21492
adoption,21477
since,21471
credit,21437
gaming,21376
bought,21357
second,21357
show,21292
#datascientist,21191
finally,20911
energy,20832
believe,20828
founder,20717
card,20624
increased,20599
we've,20597
#trading,20562
services,20547
icos,20544
featured,20494
currencies,20474
rewards,20448
case,20370
stock,20345
updates,20317
@coinbase,20317
bitcoins,20233
media,20171
korea,20134
bill,20096
developers,19982
fiat,19930
tomorrow,19909
place,19898
you're,19889
https://t.,19880
said,19879
http,19830
release,19826
hello,19818
whitelist,19777
person,19775
dear,19764
machine,19737
#industrialiot,19729
called,19712
announces,19685
always,19650
talk,19598
segwit,19517
chart,19500
#bitcoincash,19497
cloud,19345
history,19338
everything,19322
2000,19318
short,19296
service,19293
test,19243
ends,19239
raised,19162
rank,19158
#cryptonews,19143
accept,19139
mobile,19118
looks,18932
information,18889
accepting,18861
order,18846
forget,18811
alert,18810
important,18776
step,18759
venezuela,18614
can't,18606
product,18599
discount,18596
banking,18578
advisor,18545
@btctn,18532
core,18524
planning,18522
joins,18520
following,18469
announced,18457
nice,18453
months,18426
@vicetoken,18363
without,18355
strong,18334
must,18330
@classycoin,18275
profits,18232
possible,18214
zero,18203
https://t,18198
customers,18197
launching,18174
classycoin,18018
#binance,17991
miner,17972
average,17920
innovative,17880
uses,17835
blog,17831
created,17825
forward,17793
popular,17760
@bethereumteam,17757
together,17654
#preico,17581
vote,17571
wall,17555
waves,17480
moon,17403
generation,17390
action,17356
within,17337
awesome,17320
access,17267
that's,17265
ways,17258
simple,17231
#tron,17166
unique,17105
technical,17031
might,17028
music,17022
wants,16910
dash,16848
holders,16819
risk,16742
times,16737
regulation,16736
provide,16683
running,16636
quick,16539
petro,16512
rise,16471
testing,16469
bitrace,16443
@binance_2017,16402
#industry40,16379
contracts,16368
store,16312
idea,16307
thing,16283
goes,16280
@familypointsio,16262
trust,16260
taking,16123
small,16101
level,16091
prices,16046
white,15993
https://t.co,15989
chain,15936
play,15930
america,15914
miners,15903
space,15793
#bch,15778
weeks,15767
#enrt,15726
medicine,15704
chat,15543
seen,15520
hope,15496
problems,15482
@applancer_crypt,15457
site,15457
paid,15437
capital,15436
privacy,15407
launched,15399
fraud,15391
@applancer_pro,15376
mins,15371
strat,15349
released,15327
classic,15227
finance,15217
legal,15175
#xvg,15168
breaking,15165
london,15139
complete,15092
@viberate_com,15016
upcoming,15000
medium,14955
wait,14917
towards,14864
steps,14853
let's,14851
mark,14841
asset,14830
registered,14800
genetic,14765
players,14759
#dash,14716
funds,14714
reach,14671
ecological,14666
experts,14654
changing,14645
joining,14603
facebook,14600
2017,14594
trader,14580
move,14534
creating,14518
expert,14432
remember,14406
https://t.co/,14406
we'll,14398
weekly,14327
page,14209
#smartcontracts,14172
crowdsale,14152
building,14148
@lympo_io,14143
across,14131
virtual,14122
answer,14116
@syncfab,14094
little,14068
able,14062
#telegram,14029
least,14011
understand,13963
marketing,13955
exciting,13951
nano,13951
proud,13949
#cryptos,13936
email,13872
story,13827
wrong,13818
#cry,13802
offering,13802
@bitcoin,13800
tell,13791
bull,13787
assets,13787
@xrptrump,13740
contest,13684
@officialmcafee,13613
behind,13595
vision,13561
youtube,13558
5000,13543
cool,13521
issues,13511
google,13476
sharing,13457
pool,13433
closed,13409
needs,13395
won't,13361
https://t.c,13358
solutions,13356
india,13344
date,13334
@diwtoken,13329
pilot,13315
states,13247
three,13210
investor,13152
#invest,13099
i've,13096
triforce,13075
co-founder,13027
#live,13019
till,13004
gets,12928
past,12925
lightning,12924
@gifcoin_io,12921
opened,12917
#exchange,12891
ahead,12886
dont,12882
kucoin,12882
"1,000",12867
leading,12836
symbol,12828
decentralization,12800
#technology,12791
japan,12768
#energytoken,12753
#xrpthestandard,12724
directly,12721
plans,12714
actually,12713
node,12711
#satoshi,12697
satoshi,12668
missed,12668
city,12607
businesses,12602
#energytokens,12602
special,12589
world's,12567
@denaro_io,12559
research,12554
pinned,12552
korean,12491
"9,000",12486
contract,12486
problem,12485
hackers,12474
allows,12471
raise,12462
someone,12427
re-tweet,12418
turn,12418
@blocklancer,12393
whitepaper,12390
means,12389
recent,12377
@aantonop,12377
amount,12376
experience,12362
@gilplatform,12342
massive,12270
pitch,12238
fake,12216
told,12207
done,12194
late,12146
resistance,12138
partners,12132
process,12114
#ether,12108
partner,12107
@bitracetoken,12107
#eos,12106
#airdrops,12095
literally,12094
found,12088
interested,12047
user,12031
offers,12024
3000,11994
prediction,11986
state,11983
super,11977
cardano,11977
fintech,11932
ledger,11925
exclusive,11923
reward,11902
whole,11896
break,11889
@itscryptokermit,11886
familypoints,11861
china,11829
increase,11812
safe,11795
withdrawal,11794
bringing,11790
science,11786
#blockchaintechnology,11766
built,11757
#cannabis,11753
point,11749
trillion,11734
@justinsuntron,11690
size,11685
@bobsrepair,11658
#erc20,11641
customer,11631
moving,11618
software,11613
@planetziggurat,11610
doge,11592
invite,11563
startup,11540
countries,11539
accounts,11515
regulator,11511
book,11510
allow,11505
rate,11478
individuals,11472
dollars,11462
chinese,11462
@galaxye_esol,11449
national,11447
@arminvanbitcoin,11433
tend,11433
hits,11420
positive,11401
talking,11393
btcusd,11385
wallets,11380
lets,11375
totall,11312
#gaming,11306
undervalued,11285
download,11279
#hodl,11264
works,11249
iota,11232
innovation,11207
registrations,11201
calls,11172
subscribe,11158
marketplace,11157
investments,11128
friday,11102
court,11093
head,11089
#doctailor,11066
#xmr,11056
ranked,11049
member,11046
ether,11042
different,11042
tweeting,11034
club,11012
stocks,10996
podcast,10962
impact,10955
interest,10943
backed,10937
higher,10924
true,10920
#airdropalert,10916
cards,10906
invests,10901
trying,10883
alts,10852
@pitchliveapp,10846
success,10840
press,10833
#monero,10826
celebrate,10815
target,10803
drop,10790
according,10788
hype,10784
paper,10781
#icos,10771
#freetoken,10760
profitable,10750
platforms,10681
#verge,10680
leave,10668
ideas,10649
benefits,10644
finished,10638
selected,10632
listen,10629
trend,10623
dollar,10609
changed,10597
edition,10596
attention,10596
final,10595
continues,10590
benefit,10584
glad,10574
talks,10556
promising,10556
protocol,10554
gain,10554
sales,10552
comes,10544
nothing,10512
reached,10502
home,10501
monero,10499
hear,10498
there's,10476
growth,10438
entire,10436
application,10425
technologies,10404
regulators,10358
heard,10330
@kickcity_io,10329
@randolphmlny,10302
#business,10295
demand,10294
york,10281
@crypticsup,10279
industries,10270
regulations,10256
@vitalikbuterin,10245
reuters,10239
seeing,10186
chief,10185
#nem,10182
distributed,10180
gates,10155
instant,10149
sending,10148
calling,10143
study,10135
simply,10117
chosen,10102
morning,10094
goldman,10092
house,10091
board,10087
#dogecoin,10080
updated,10066
stage,10059
providing,10049
xrapid,10048
@haydentiff,10040
@zloadr,10034
#cryptics,10027
quantum,10019
contribute,10010
stellar,9986
kickcity,9986
solving,9955
bitfinex,9925
dead,9904
decided,9898
developing,9894
wanted,9892
bubble,9827
happen,9818
#earn_money,9817
minimum,9809
tuned,9797
@bankxrp,9781
view,9754
nodez,9750
lead,9717
aims,9698
goal,9688
waiting,9687
lmao,9684
source,9680
management,9680
listing,9677
five,9667
hurify,9653
portfolio,9649
rating,9646
track,9626
street,9617
@dbrainio,9602
deal,9598
trends,9597
@crypto,9593
gram,9560
hacked,9559
#mining,9539
@crowdvillaio,9538
scams,9495
altcoins,9483
word,9463
save,9460
issue,9453
call,9437
term,9416
personal,9410
liked,9407
version,9406
warns,9398
pre-registration,9396
@ceek,9394
holding,9393
proof,9362
direct,9350
hardware,9346
lost,9334
instructions,9331
green,9301
computer,9300
visa,9272
japanese,9261
transfer,9255
bitcoinus,9216
cryptos,9214
active,9208
gains,9195
what's,9181
i'll,9179
later,9175
united,9165
reality,9161
crash,9139
april,9131
#presale,9094
learned,9091
switzerland,9090
pumptoken,9066
russian,9060
@esctoken,9056
fall,9036
#btg,9032
ecex,9029
@signals_network,9020
beyond,9012
continue,9008
@skychainglobal,8992
shows,8986
return,8983
#paywithlitecoin,8983
coindesk,8976
@xiwatt,8974
cent,8967
#money,8947
plan,8943
@hodor7777,8921
leverage,8918
peer,8917
@etheropolygame,8910
hedge,8902
advantage,8901
threat,8872
search,8871
futures,8843
favorite,8841
websites,8828
among,8823
force,8821
#cryptocurrencynews,8814
sachs,8796
returns,8787
concept,8780
happening,8771
isn't,8751
feel,8744
takes,8733
@bitcoin_token,8727
question,8716
message,8716
#teamcrypto,8715
@ntok_io,8715
thought,8711
betting,8704
gives,8693
russia,8667
@rogerkver,8655
reasons,8632
international,8628
microsoft,8619
crowd,8617
party,8605
grow,8588
@theellenshow,8574
signed,8553
claims,8552
scammers,8543
pretty,8538
model,8535
develop,8516
solve,8515
elmo,8514
@tvtwocom,8512
volatility,8507
union,8507
enterprise,8504
@vertiai,8492
kind,8487
singapore,8485
altcoin,8485
@cryptochoe,8477
buyers,8476
former,8468
@peermountain,8438
single,8436
phase,8435
today's,8427
commission,8413
luck,8408
@yobitexchange,8404
didn't,8394
@europeancryptob,8385
seems,8368
double,8367
discussion,8359
doesn't,8346
#decentralized,8338
yesterday,8337
@yarmolukdan,8327
including,8325
knowledge,8319
enough,8315
supporting,8274
near,8268
@apompliano,8256
hodl,8253
#cryp,8252
western,8248
went,8247
course,8245
excellent,8239
debit,8233
@nodepower_eu,8226
blockchain-based,8225
ultimate,8214
#coinbase,8209
gave,8206
earth,8205
@lopp,8199
developer,8195
integration,8181
opportunities,8180
sees,8178
moment,8177
firm,8176
#phnxtoken,8165
shit,8164
carney,8162
grid,8160
pairs,8157
purchases,8141
https://t.co/kgn0md6bhx,8140
#digibyte,8132
american,8131
addresses,8121
jpmorgan,8117
@coinfirm_io,8109
tesla,8109
explained,8106
@theabyss,8100
#investment,8092
given,8089
15000,8075
large,8065
enjoy,8063
fair,8056
atari,8049
fully,8046
#xlm,8037
beginning,8037
systems,8029
forum,8018
faster,8017
supreme,8016
#wsj,8014
taxes,8014
reminder,7970
#vit,7967
strategy,7955
@manjeetrege,7952
couple,7950
storage,7949
posted,7944
@amlt_token,7940
spread,7936
#coin,7935
#almalki,7933
@adel__almalki,7923
discord,7918
prove,7911
@blockchainlife,7909
signup,7890
consider,7887
despite,7886
manager,7875
#blockcha,7870
retail,7857
infographic,7852
@vestarin,7851
promote,7851
disrupt,7835
@grain_io,7827
educoin,7823
bittrex,7818
@maxkeiser,7817
#startup,7801
reason,7797
helps,7794
games,7790
@vindyne8,7785
office,7772
weekend,7771
cases,7754
thinking,7746
north,7742
#skychainglobal,7736
advisors,7734
anything,7714
highly,7713
additional,7710
rich,7700
#digital,7700
https://t.co/ghd2mn0e7s,7682
crypto-currency,7678
#cardano,7674
@joelkatz,7671
choose,7670
"100,000",7667
pleased,7661
prize,7661
features,7648
@atekassetscan,7630
giant,7627
failed,7624
#whitelist,7608
millions,7603
closes,7603
@cnbc,7601
attack,7581
focused,7559
@tatticoin,7556
introducing,7549
quite,7549
btcp,7549
night,7513
country,7512
breaks,7503
buys,7499
#cryptocu,7499
alliance,7498
gift,7496
gonna,7495
opens,7494
comments,7491
#infosec,7489
you've,7487
effect,7483
involved,7482
#forex,7477
center,7472
tron,7456
congratulations,7453
#bitrace,7445
e-commerce,7440
else,7433
#bloc,7429
applications,7422
others,7420
speaking,7412
meeting,7400
faucet,7396
#bitcoins,7383
meetup,7374
anonymous,7368
@cryptocoinsnews,7357
paypal,7350
#investing,7340
#nytimes,7318
tatti,7316
totally,7311
products,7310
european,7309
bitcoin's,7294
clear,7278
income,7276
fuck,7260
#bitcointalk,7257
provides,7254
forecast,7238
likely,7236
@fisher85m,7233
foundation,7227
identity,7217
"1,000,000",7212
invested,7206
gilgamesh,7205
malware,7199
@debitumnetwork,7197
costs,7195
took,7189
install,7186
explains,7181
robinhood,7179
discuss,7178
#blockch,7176
amazon,7176
#crypt,7176
@bitfinex,7173
@bittrexexchange,7170
airdrops,7161
tonight,7160
changes,7157
leader,7132
10000,7125
lists,7120
#esc,7118
worry,7108
exactly,7106
expect,7104
wave,7099
"20,000",7088
@weareyourblock,7083
forex,7080
@sapien_network,7076
#iota,7068
0.05,7068
startups,7066
powerful,7061
@crowd_machine,7061
hands,7058
@bubbletone_eng,7056
paying,7055
@davidgokhshtein,7050
creates,7050
@digitizecoin,7046
feature,7043
industrial,7041
recovery,7038
@nucleusvision,7034
solid,7027
#skychainico,7027
family,7026
definitely,7022
january,7020
spend,7017
announcing,7006
worldwide,7000
begin,6999
retweets,6998
location,6998
control,6974
passed,6973
line,6969
@earthtokens,6966
@elonmusk,6958
half,6957
mean,6949
#motivation,6932
0.01,6923
qtum,6923
height,6921
improve,6916
maybe,6904
onboard,6902
apply,6900
verified,6898
@omnitudeorg,6884
transparent,6880
@wrjumpin,6880
difference,6876
lower,6876
poloniex,6863
contributors,6856
general,6854
instead,6853
deaths,6848
@westernunion,6835
matthew,6832
bearish,6826
method,6814
playlist,6805
charlie,6801
present,6798
connect,6797
introduction,6793
transparency,6787
side,6782
governments,6781
you'll,6762
@bazista_io,6759
designed,6750
known,6740
"11,000",6739
king,6735
cointelegraph,6734
collected,6720
challenge,6716
anywhere,6712
germany,6708
reports,6697
clients,6695
tools,6694
episode,6685
cost,6683
reset,6680
#reuters,6673
@utemisuts,6663
protect,6656
renewable,6655
guess,6639
probably,6602
estate,6600
thread,6599
multiple,6587
perfect,6584
android,6580
#etc,6573
load,6573
recently,6565
knows,6559
moves,6552
everybody,6550
cryptotab,6544
@coinmetro,6538
helping,6535
summit,6521
@philakonecrypto,6518
@coolcousinco,6511
lose,6500
proves,6498
crazy,6494
sector,6494
@just_hash_me,6493
waller,6490
inside,6487
failcoin,6486
@mavro_coin,6480
@rewardtoken,6477
cyber,6475
understanding,6468
usdt,6468
hand,6466
apps,6463
fresh,6456
vinchain,6452
rights,6446
basis,6444
series,6439
charts,6438
crowds,6427
emerging,6426
advice,6424
morgan,6423
beta,6422
minister,6420
stable,6419
"12,000",6418
folks,6416
affiliate,6415
maximize,6408
photo,6405
grab,6401
@cryptocoinnewz,6401
steemit,6401
catch,6396
valley,6396
revolutionizing,6390
peer-to-peer,6388
contribution,6380
diverse,6379
https://t.co/jpqox1ioyj,6373
losing,6371
yourblock,6366
rising,6364
adds,6360
truth,6336
thoughts,6327
@iamjosephyoung,6320
cheap,6307
creator,6306
playing,6302
advertising,6300
progress,6294
randomly,6287
tweets,6285
accepts,6282
@openplatformico,6279
enthusiasts,6278
doct,6272
everyday,6269
incredible,6269
bcash,6258
orders,6238
@mikequindazzi,6234
agree,6233
venezuelan,6232
#usd,6231
israeli,6230
fastest,6226
#bloomberg,6225
#robotics,6223
property,6218
#tatticoin,6216
mass,6211
lending,6204
initial,6192
electricity,6190
follower,6187
opinion,6185
cities,6185
@litecoindad,6176
mindsets,6171
@buzzshownetwork,6161
islands,6158
universal,6155
@friendz_ico,6152
#triforce,6149
@bitcoinprivate,6143
powered,6139
@btltoken,6135
apple,6130
#digitaltransformation,6127
#bitco,6123
automated,6122
several,6121
@highrewardcoin,6119
drops,6115
xaos,6101
confirms,6098
@rocketpooi,6098
becomes,6098
watching,6097
came,6093
steve,6093
australian,6093
feedback,6090
immediately,6089
@landm_marius,6085
implementation,6084
marshall,6082
discover,6072
breakout,6072
@billgates,6072
@financemagnates,6064
cold,6061
choice,6060
deep,6060
checked,6056
@officialxaos,6050
food,6045
bonuses,6044
valued,6041
caused,6035
healthcare,6035
pick,6034
care,6033
local,6023
#cryptotrading,6019
rally,6009
easily,6007
#insurtech,6002
warning,5993
dubai,5990
wish,5989
include,5986
circle,5977
nearly,5973
1500,5971
manna,5967
bigger,5965
dark,5957
premium,5956
@syscoin,5948
#bonus,5948
cftc,5946
#massadopt,5930
speech,5928
rated,5924
asked,5915
securities,5912
sports,5912
#viceindustrytoken,5912
expected,5910
#blockchai,5908
mainstream,5900
@forbes,5898
empowering,5897
#equi,5891
merchant,5890
kindle,5887
countdown,5886
shares,5883
wealthiest,5880
withdraw,5874
@equi_capital,5858
wanna,5855
longer,5855
2500,5851
craze,5846
walle,5844
wings,5844
shared,5843
racially,5837
class,5836
stake,5835
regarding,5826
face,5824
@kwhcoin,5816
milestone,5803
@hurify_hur,5802
common,5796
wealth,5792
funding,5773
#bittrex,5769
"2018,",5766
phone,5764
stream,5754
confirm,5753
matter,5752
mavro,5746
@firelottery,5745
brings,5745
poll,5744
venezuela's,5743
promo,5739
hidden,5737
film,5729
traditional,5727
predicting,5715
train,5713
executive,5713
efficient,5702
#banking,5702
@datariuscrypto,5686
picture,5683
#bubbletone,5683
scaling,5677
manufacturing,5671
chrome,5665
overview,5665
@smoke_io,5664
python,5661
#bit,5651
dragon,5640
he's,5639
homes,5634
percent,5633
#follow,5631
#blo,5618
beginners,5617
smoke,5617
words,5613
denaro,5612
serious,5609
deliver,5609
#utemis,5607
held,5592
elon,5589
@gglobal_project,5583
supported,5582
@helbizofficial,5575
tips,5574
lives,5573
firms,5571
bethereum,5567
@cointed_ico,5545
coffee,5543
index,5541
@altcoinstalks,5540
signs,5535
@tronfoundation,5530
supporters,5525
litepay,5525
minute,5524
#stocks,5521
reading,5514
africa,5510
#universalbasicincome,5509
@czhuling,5508
either,5506
forbes,5505
magazine,5504
lend,5501
extremely,5494
piece,5491
covered,5490
supports,5485
monday,5481
showing,5475
president,5460
eyes,5458
admits,5455
correction,5451
owned,5446
airdropping,5439
#gdpr,5438
points,5428
participant,5425
driving,5424
distribution,5424
saying,5422
keeps,5421
revolutionize,5416
owners,5407
#cloud,5407
@bigcheds,5403
https://t.co/txicitxygi,5401
fans,5399
institutions,5395
bitmex,5394
videos,5380
@stealthcrypto_,5378
begins,5377
silicon,5376
groups,5373
mind,5369
dogecoin,5364
hack,5361
fact,5360
type,5359
#crowdfunding,5359
alpha,5358
@hitbtc,5355
merchants,5351
light,5330
voting,5330
@slidecoin,5328
entered,5322
transform,5311
rather,5311
jump,5307
@tcs_biz,5302
remaining,5298
plus,5294
@cryptosqueen,5294
completely,5293
taken,5286
legit,5284
needed,5283
reveals,5279
begun,5277
saudi,5273
holiday,5271
releases,5267
#coincheck,5263
collect,5263
coincheck,5251
@eth_classic,5242
explain,5231
moscow,5228
@evankirstel,5222
#ven,5215
easier,5215
dips,5212
adding,5209
enables,5207
webinar,5206
ellen,5205
"500,000",5197
#icx,5186
human,5185
https://t.co/ikh5fbied,5185
revenue,5183
quickly,5165
computing,5163
#smartcontract,5163
laundering,5162
@lochm1807,5159
design,5155
bitmain,5146
amid,5141
@dragoncoin,5135
instantly,5134
significant,5131
spot,5126
revolutionary,5122
thousands,5118
economic,5115
#bitcoi,5113
craig,5112
stolen,5109
long-term,5105
director,5104
professional,5103
bulls,5096
succeed,5094
burst,5091
asking,5089
technological,5086
#segwit,5080
engineer,5078
#blockc,5074
draw,5064
@crypto_rand,5064
galaxy,5062
avoid,5053
attacks,5050
utility,5049
gambling,5049
mined,5049
developed,5041
probe,5040
#litepay,5039
bitco,5037
@dougpolkpoker,5037
#doge,5035
#security,5029
@tiqpit,5022
roadmap,5021
swift,5019
rewarded,5016
mountain,5015
unregulated,5005
speak,5002
existing,4998
reddit,4997
#developer,4993
#tvrevolution,4993
wonder,4992
basic,4990
blocks,4989
senior,4986
@stevekrohn,4983
planet,4981
@wavesplatform,4980
indian,4974
#deeplearning,4973
#innovation,4969
@moonlite_ico,4967
body,4964
obirum,4964
#finance,4961
field,4953
@alexanderhaxton,4937
haven't,4934
dutch,4933
networks,4930
confirmed,4930
@bitcoinwrld,4928
rocket,4924
brand,4923
#internet,4920
thinks,4917
note,4914
#data,4912
uber,4908
#bitcoinus,4907
#etherum,4900
@daricocoin,4898
worst,4897
congress,4885
#p2p,4884
#waves,4883
@minerpool_net,4882
1700,4879
#platform,4879
masternode,4875
bottom,4874
randword,4872
loans,4871
vitalik,4869
environment,4867
verify,4867
worried,4865
predictions,4861
@erikvoorhees,4857
mission,4853
@connectjobfd,4850
#startups,4849
bear,4836
engineering,4835
blue,4833
annual,4830
#zcash,4828
replace,4825
@selfllery,4825
@tradove_ico,4824
position,4823
#cryptoc,4821
volans,4821
blame,4819
beautiful,4816
modern,4813
processing,4811
ring,4801
atlas,4795
#pumptoken,4786
decide,4785
helbiz,4785
#healthcare,4776
range,4775
articles,4774
#lym,4774
europe,4771
#whitepaper,4765
hell,4764
shop,4759
truly,4757
upgrade,4752
strategic,4750
sites,4749
device,4747
genesis,4746
thrilled,4743
@caviar0x,4741
stratis,4740
#cryptocurren,4738
supercomputer,4737
@cz_binance,4732
blockchains,4728
record,4720
humanity,4717
@modex_tech,4711
england,4710
gone,4708
computers,4707
lots,4704
asia,4701
cheaper,4700
cannot,4699
levels,4698
analyst,4697
traded,4692
four,4685
happens,4683
previous,4683
vestarin,4683
promotion,4680
rises,4679
#signalsnetwork,4676
introduce,4674
@volans_official,4673
nation,4668
imagine,4661
japan's,4657
critical,4657
approach,4655
reaches,4654
kwhcoin,4652
#skychain,4649
likes,4648
increasing,4648
millionaire,4648
#cryptocurre,4648
platform's,4644
loss,4642
nodes,4641
insider,4640
#cryptocurrenc,4639
beat,4628
#game,4624
infrastructure,4624
@themerklenews,4619
enable,4616
regulate,4615
upon,4615
#theabyss,4615
@obizcoin,4608
pattern,4604
beware,4604
#thestreet,4600
researchers,4599
#newsoftheweek,4598
connected,4586
considers,4584
they're,4584
4000,4583
#reddit,4580
shift,4574
scale,4573
#mustweed,4571
original,4570
jobs,4564
newsletter,4563
effective,4554
broke,4551
children,4550
@paymon_official,4549
cause,4548
steem,4547
women,4545
@streamityorg,4540
@projectmenuva,4540
evening,4539
steal,4538
though,4537
#smartvrtoken,4536
stand,4534
rates,4527
#btcusd,4525
@florian_view,4524
worlds,4521
introduces,4520
#cryptocur,4518
@cashbagco,4513
#litecoincash,4509
language,4509
predict,4505
facts,4499
wonderful,4490
@izx_io,4484
forks,4483
michael,4481
swiss,4479
valuable,4479
rakuten,4472
cnbc,4466
xita,4459
@obirumbrowser,4457
@sportbetchain,4456
@restartenergyio,4454
funny,4451
mentioned,4445
david,4438
vegas,4434
presenting,4434
@xrptips,4433
zecoex,4431
@cyberdomain,4423
millennials,4418
whether,4417
purchased,4415
california,4415
ardr,4411
stealth,4410
honest,4405
black,4404
