token sale,50358
bitcoin cash,48761
giving away,47122
successfully launch,46113
launch mainnet,46049
mainnet global,45751
global exchanges,45599
exchanges start,45454
start trades,45057
#bitcoin #ethereum,44721
free airdrop,44283
bitcoin gold,44056
trades balance,43141
gaining popularity,40851
popularity becoming,40563
gold gaining,40490
becoming expensive,40035
successful traders,39534
bitcoin copy,39502
copy successful,39491
traders automatically,39454
automatically bitcoin,39453
copy dividend,39446
#cryptocurrency #blockchain,39362
#cybersecurity #bitcoin,39037
expensive still,38911
don't miss,38071
hottest 2018,37425
#blockchain #cryptocurrency,37225
follow retweet,36205
join telegram,36198
"extra 5,000",35201
"5,000 credits",35199
retweet like,33939
free tokens,32950
come join,31998
@granvilledsc checking,31338
blockchain technology,30921
artificial intelligence,30722
#bitcoin #btc,29881
current price,29608
#cryptocurrency #bitcoin,28397
good project,28228
#crypto #cryptocurrency,27780
airdrop follow,27470
earn free,27099
#ico #blockchain,26986
cryptocurrency exchange,26638
bitcoin price,26238
#blockchain #crypto,25660
february 2018,25488
crypto currency,24917
fill form,24764
giving free,24751
#crypto #blockchain,24472
#bitcoin #blockchain,24430
join good,24317
follow @pumpkinpayteam,24203
pumpkin giving,24196
project pumpkin,24164
@pumpkinpayteam ppkc,24063
ppkc first,24044
referral code,24029
using code,23746
join using,23731
selling stuff,23727
#cryptocurrency selling,23713
stuff @listia,23709
@listia join,23708
earning #cryptocurrency,23685
#btc #bitcoin,23471
#cryptocurrency #crypto,23450
#datascience central,23302
decentralized autonomous,23140
video content,22984
content economy,22882
autonomous video,22855
lino decentralized,22828
economy hottest,22807
2018 referral,22743
crypto exchange,22082
#bitcoin #cryptocurrency,21473
days left,21414
#btc #eth,21258
#blockchain #ico,21044
#iot #internetofthings,20950
#blockchain #bitcoin,20780
claim free,20706
registering binance,20261
crypto trading,20259
bitcoin mining,20248
#blockchain technology,20235
like follow,19804
make sure,19572
#bitcoin #crypto,19395
telegram group,18839
#ico #tokensale,17979
link follow,17682
airdrop join,17659
free classycoin,17508
classycoin tokens,17501
@classycoin claim,17457
#internetofthings #iiot,17446
follow @classycoin,17436
tweet fill,17168
#iot #iiot,16982
retweet follow,16903
@kucoincom retweet,16849
follow @kucoincom,16830
make money,16626
internet things,16342
based blockchain,16132
bitcoin ethereum,16094
free bitcoin,16052
would like,15867
want know,15723
retweet competition,14885
competition tweet,14652
blockchain genetic,14573
genetic medicine,14571
medicine ecological,14569
ecological solution,14565
solution hottest,14496
form random,14237
south korea,14053
#ico #cryptocurrency,14000
total supply,13973
#ico #crypto,13936
smart contracts,13836
follow twitter,13778
airdrop live,13690
comment address,13686
#ethereum #blockchain,13281
bring friend,13270
machine learning,13209
crypto market,12982
#xrp #ripple,12946
take part,12870
#energytoken free,12649
#enrt #energytoken,12601
free #energytokens,12582
#industrialiot #industry40,12550
#energytokens bring,12521
live price,12513
#datascientist #bigdata,12509
#crypto #cryptocurrencies,12430
tokens bonus,12237
hour change,12202
mins live,12183
token airdrop,12132
march 2018,12124
wallet address,12104
follow enter,12095
binance trading,12045
free registering,12031
trading deposit,11988
join free,11902
rank total,11823
bitcoin conference,11750
happy announce,11624
#artificialintelligence #iot,11621
bitcoin private,11597
#cryptocurrency free,11507
cryptocurrency market,11505
random rewards,11495
cryptocurrency exchanges,11448
digital currency,11440
free code,11403
#airdrop #ethereum,11398
@listia #cryptocurrency,11384
join @listia,11383
airdrop free,11378
bounty program,11364
central bank,11314
@kucoincom follow,11314
litecoin cash,11296
rewards giveaway,11293
#ethereum #bitcoin,11289
giveaway totall,11283
telegram community,11209
blockchain bitcoin,11115
looking forward,11089
excited announce,11057
airdrop limited,11051
ethereum classic,10968
#blockchain #ethereum,10946
price bitcoin,10936
technical analysis,10888
#blockchain #fintech,10863
money bitcoin,10815
triforce tokens,10709
join airdrop,10630
giveaway retweet,10624
#bigdata #iot,10612
balance wallet,10582
#ethereum #eth,10564
exchange binance,10546
#datascience #iot,10412
#btc #xrp,10382
members join,10365
share post,10260
great news,10233
last chance,10207
don't forget,10202
join best,10109
airdrop telegram,10062
earn tokens,10050
sale live,10006
bank america,9915
mine bitcoin,9855
#bitcoin #satoshi,9830
@randolphmlny #bitcoin,9754
#satoshi #earn_money,9752
bitcoin bitcoin,9741
#ico #crowdsale,9739
stay tuned,9734
earn bitcoin,9730
bitcoin cryptocurrency,9714
#cryptocurrency #ico,9683
mine cryptocurrency,9671
telegram members,9637
bill gates,9623
check video,9622
#bigdata #datascience,9446
bitcoin core,9423
#xrp #trx,9383
#eth #btc,9377
visit website,9359
here's chance,9349
token join,9348
pump hold,9308
signal check,9298
increased fast,9294
#crowdsale #bitcoin,9271
#airdrop #bounty,9243
withdrawal fees,9239
community follow,9224
gram tokens,9208
bonus telegram,9186
free crypto,9180
received gram,9163
#bitcoin price,9126
still registered,9104
ranked crypto,9102
volume ranked,9095
registered volume,9092
binance here's,9092
take look,9082
best pump,9071
twitter share,9042
create token,9021
hold sell,9018
ecex exchange,9008
planning create,8996
like retweet,8987
started join,8987
sell group,8981
pumptoken planning,8981
every hold,8972
post take,8965
group pumptoken,8934
#crypto #ico,8921
#crypto #bitcoin,8904
telegram channel,8898
smart contract,8855
made tokens,8833
social media,8821
data science,8818
literally made,8817
tokens tweeting,8813
#blockchain #cryptics,8805
#cryptics #ico,8740
@planetziggurat ecex,8733
@etheropolygame airdrop,8729
#iiot #industrialiot,8718
cryptocurrency mining,8651
invests bitcoin,8651
pre-registration started,8637
goldman sachs,8633
miss registering,8580
@youtube video,8558
know bitcoin,8547
#ethereum #cryptocurrency,8529
bitcoin lmao,8504
elmo invests,8452
binance registration,8450
2000 participants,8439
liked @youtube,8417
limited 2000,8394
project help,8366
gaming industry,8341
send address,8294
purchase bitcoin,8283
coming soon,8242
undervalued coins,8224
#airdrop #bitcoin,8211
#crypto #altcoin,8184
help undervalued,8157
price register,8150
#phnxtoken pre-registration,8122
#ripple #xrp,8114
#btc #crypto,8102
follow like,8101
exchange https://t.co/kgn0md6bhx,8101
https://t.co/kgn0md6bhx current,8063
world first,7996
token working,7989
south korean,7984
hours left,7982
ethereum blockchain,7968
lucky winners,7962
#blockchain #airdrop,7960
receive free,7942
#tech #almalki,7932
@adel__almalki #tech,7923
raise price,7921
coins raise,7901
hour average,7894
less hours,7885
#ico #ethereum,7873
symbol hour,7865
cryptocurrency trading,7855
western union,7826
decentralized education,7815
global education,7798
education economy,7796
decentralization global,7793
economy decentralization,7784
starting right,7781
education starting,7778
educoin decentralized,7771
fast 15000,7717
lmao https://t.co/ghd2mn0e7s,7682
@itscryptokermit elmo,7680
#industry40 #iiot,7665
crypto world,7664
15000 check,7662
#giveaway follow,7641
next week,7623
#xrp #ada,7611
last year,7599
last hour,7567
good news,7562
airdrop #airdrop,7533
looks like,7516
like crypto,7469
need know,7460
sale starts,7444
price analysis,7408
#airdrop #ico,7394
#ethereum #crypto,7393
#neo #eos,7387
@triforcetokens triforce,7380
#ada #neo,7367
@bitracetoken bitrace,7351
like tweet,7320
#altcoin #cryptocurrency,7301
@familypointsio familypoints,7300
#wsj #nytimes,7231
#bitcoin #token,7189
close registrations,7156
#eos #nem,7154
bitcoin money,7154
binance close,7151
#nem #xrp,7130
follow @esctoken,7124
@esctoken join,7121
#trx #btg,7115
#btg #esc,7112
#esc #airdrop,7107
accepting users,7091
#airdrop #crypto,7082
bitcoin daily,7071
give away,7067
giveaway follow,7062
retweet post,7051
join whitelist,7000
#skychainico #ico,7000
miss chance,6990
join #telegram,6936
crypto exchanges,6935
crypto news,6922
main sale,6884
credit card,6868
science central,6853
deposit bonus,6833
#ethereum #token,6803
#machinelearning #iot,6789
bitcoin blockchain,6784
mining bitcoin,6749
signals free,6732
#fintech #blockchain,6660
participants token,6625
first round,6617
#eth #ltc,6576
airdrop registration,6574
added video,6567
biggest problems,6559
#nytimes #reuters,6545
largest wallet,6544
we're giving,6521
#litecoin #ltc,6515
coin officially,6488
thanks matthew,6487
nodez coin,6485
officially failcoin,6485
failcoin thanks,6485
matthew waller,6485
#bitcoin #litecoin,6471
bounty campaign,6426
#bitcoin #ico,6417
hours check,6378
cash https://t.co/jpqox1ioyj,6373
wall street,6343
pre-sale bonus,6331
great project,6323
channel crypto,6315
token bonus,6311
#bitrace #bitcoin,6269
renewable energy,6258
trading platform,6250
price technical,6242
#ico #btc,6237
supreme court,6205
trading ideas,6193
prove wrong,6193
people prove,6170
investors live,6168
check news,6167
wrong mindsets,6167
mindsets reset,6167
reset #motivation,6167
bitcoin news,6162
registration form,6151
#motivation onboard,6149
onboard tatti,6135
ripple price,6124
tatti #tatticoin,6101
leave wallet,6085
pleased announce,6079
real estate,6075
enter leave,6074
#earn_money #cryptocurrency,6074
ethereum price,6071
#tatticoin #ico,6067
crypto mining,6047
#airdrop #blockchain,6047
breaking news,6042
@tatticoin people,6021
#reuters #bloomberg,6020
marshall islands,6002
bitcoin exchange,6000
crypto currencies,5969
good luck,5955
#blockchain #btc,5954
#ico #massadopt,5930
trading pairs,5912
#crypto #altcoins,5906
white paper,5904
retweet comment,5896
winners follow,5894
crypto community,5882
location data,5865
diverse crypto,5843
data proves,5839
rules follow,5835
racially diverse,5834
crypto crowds,5834
proves racially,5831
video @youtube,5830
crowds wealthiest,5821
free coins,5808
#ethereum #litecoin,5805
decentralized location,5791
#btc going,5785
cryptotab mine,5781
@youtube playlist,5755
crypto study,5729
study decentralized,5716
thank much,5712
xaos giveaway,5707
follow link,5704
install cryptotab,5700
airdrop round,5657
#skychainglobal #skychainico,5657
#ethereum #ico,5630
#btc #blockchain,5627
last month,5589
ethereum bitcoin,5578
#crypto #btc,5568
#iiot #iot,5548
check manna,5531
anyone receive,5519
national cryptocurrency,5497
bitcoin learned,5496
away 1000,5481
lists kucoin,5467
#universalbasicincome #cryptocurrency,5466
#giveaway lucky,5463
@theellenshow want,5448
follow join,5435
#cryptocurrency anyone,5417
community #blockchain,5415
tokens hottest,5408
manna #universalbasicincome,5401
learned https://t.co/txicitxygi,5401
pitch investors,5392
hottest cryptocurrency,5388
kickcity token,5388
daily basis,5380
@weareyourblock yourblock,5362
#triforce tokens,5332
#gaming community,5331
take advantage,5330
tokens force,5329
force empowering,5329
empowering #gaming,5329
#tokensale #blockchain,5323
pinned tweet,5318
second airdrop,5311
#btc #ltc,5298
kindle edition,5296
told #btc,5296
please visit,5295
israeli supreme,5281
much money,5272
music industry,5243
token round,5241
crypto companies,5239
@tcs_biz #triforce,5223
silicon valley,5220
join revolution,5209
#cryptocurrency #ethereum,5208
#eth #ethereum,5195
technology https://t.co/ikh5fbied,5185
coin airdrop,5180
#token #cryptocurrency,5174
form join,5159
#cryptocurrencies #bitcoin,5140
cryptocurrency news,5120
lucky winner,5119
live earn,5118
using blockchain,5098
giveaway lucky,5081
debit card,5080
world's first,5077
cryptocurrency miner,5050
signals history,5023
cloud mining,5022
don't worry,5021
#bitcoin https,5008
limited time,5004
tokens friend,4983
follow @slidecoin,4971
official @tiqpit,4968
friend joins,4966
@tiqpit airdrop,4965
#airdrop #airdrops,4963
prediction signal,4962
crypto investors,4939
check signals,4913
great article,4906
hold every,4897
money laundering,4888
retweet tweet,4858
giveaway still,4843
#bitcoin #altcoins,4827
#bitcoin #eth,4824
blockchain cryptocurrency,4818
first time,4809
enter retweet,4805
lucky person,4789
first airdrop,4784
rights #gdpr,4782
individuals rights,4775
complete instructions,4774
#gdpr right,4772
receive bonus,4771
instructions pinned,4767
need follow,4766
@slidecoin complete,4763
basis follow,4749
#tvrevolution #crypto,4744
#eth #crypto,4743
#datascience #datascientist,4738
hardware wallet,4734
#telegram group,4729
block height,4723
says bitcoin,4711
long term,4710
bitcoin miner,4689
#cryptocurrency #btc,4677
#pumptoken project,4676
#iot #blockchain,4668
#airdrop #live,4665
#tokensale #ico,4658
intelligence blockchain,4656
development update,4643
north american,4614
atlas token,4611
blog post,4598
re-tweet tweet,4590
#bloomberg #thestreet,4589
balance wall,4570
balance walle,4566
petro cryptocurrency,4564
trading crypto,4559
solving biggest,4547
free coin,4545
participants #airdrop,4542
tokens free,4536
#btc #ethereum,4534
#smartvrtoken solving,4532
@ceek #smartvrtoken,4529
problems music,4528
@financemagnates states,4527
states @ceek,4527
made check,4525
help build,4516
#ico #skychain,4510
join pump,4501
giveaway days,4499
#bitcoin #news,4485
read full,4480
#crypto #news,4480
retweet pinned,4466
first crypto,4463
case missed,4460
live join,4456
#crypto #ethereum,4453
announcement february,4447
bank england,4442
peer mountain,4441
working artificial,4434
made bitcoin,4421
@ceek @financemagnates,4408
please read,4408
first blockchain,4405
industry industries,4404
winner selected,4396
around world,4393
airdrop campaign,4389
credit cards,4388
hedge fund,4384
first cryptocurrency,4373
@officialxaos xaos,4369
sale started,4357
last hours,4352
gilgamesh platform's,4339
hard fork,4332
free token,4329
bitcoin crypto,4317
work check,4307
crypto twitter,4305
crypto regulation,4303
forward seeing,4300
million bitcoin,4291
holders claim,4288
miner hidden,4279
hello started,4276
american bitcoin,4272
like bitcoin,4268
token second,4263
#blockchain #technology,4252
#ltc #litecoin,4247
hidden favicon,4238
#cryptocurrency #giveaway,4236
future crypto,4235
welcome 2018,4228
getting ready,4224
#bitcoin block,4222
affiliate program,4220
ripple effect,4213
favicon welcome,4210
2018 @chrskly,4206
@xbs cryptocurrency,4203
galaxy esolutions,4202
educating individuals,4202
@chrskly https://t.co/uilo16dudu,4202
cryptocurrency #airdrop,4201
cash price,4198
litecoin price,4198
#bitcoin #bitcoincash,4181
yourblock educating,4181
planning launch,4180
we're excited,4178
#giveaway enter,4172
part join,4169
ethereum community,4153
click link,4150
vote retweet,4139
coin check,4139
@atlastokens atlas,4137
invest bitcoin,4133
featured crypto,4132
#whitelist huge,4127
"huge 2,000,000",4126
money back,4126
"2,000,000 #giveaway",4121
step step,4108
it's late,4102
public sale,4100
@bitcoinus_io bitcoinus,4099
bitcoin back,4095
watch video,4094
month easy,4094
#ico #icos,4093
current #bitcoin,4087
bitcoin hits,4079
latest news,4070
bashing bitcoin,4067
great team,4063
banking regulators,4056
press release,4048
crypto hype,4044
bitcoin unregulated,4043
india bashing,4037
regulators india,4036
working hard,4035
join vinchain,4035
first 5000,4034
vinchain 1700,4031
unregulated fraud,4031
fraud ring,4028
generation event,4026
round #airdrop,4022
#blockchain work,4021
ring growing,4019
users suing,4012
1700 aready,4010
referral program,4001
register bonus,3997
retweet join,3992
free check,3991
proud announce,3985
exchange entire,3983
ellen degeneres,3983
check users,3982
suing exchange,3981
entire money,3981
#coincheck #exchange,3981
elon musk,3980
every time,3978
person need,3972
@aantonop banking,3972
open source,3971
aurora supercomputer,3961
bitrace token,3956
cryptocurrency blockchain,3952
crypto coin,3950
bitcoin first,3950
#ico #eth,3943
blockchain crypto,3941
check article,3940
social network,3933
strong community,3930
ever wanted,3929
lightning network,3922
read article,3916
pump group,3911
follow participate,3905
podcast check,3903
hong kong,3900
network airdrop,3894
last days,3892
crypto knights,3892
knights podcast,3887
winner announced,3886
check #financialinclusion,3886
#kora featured,3885
#financialinclusion #blockchain4good,3884
near future,3883
winner chosen,3881
https://t.co/24knckttvf #crypto,3878
currency zecoex,3877
you've ever,3868
like invite,3863
token generation,3861
bitcoin cryptocurrencies,3858
holiday homes,3850
wallet sent,3839
bitcoin miners,3824
business online,3824
bitcoin wallet,3823
start mining,3821
#bounty #ico,3821
@kora_network #kora,3817
coin hold,3813
#blockchain4good https://t.co/2sbwz,3809
make bitcoin,3801
days retweet,3801
profitable business,3796
@btltoken #bitlong,3796
address https://t.co/24knckttvf,3795
@auroratoken aurora,3794
wanted build,3765
build profitable,3763
online live,3756
live united,3752
cryptocurrency regulation,3752
tweet winner,3752
white rabbit,3746
build strong,3739
virtual currencies,3738
enter follow,3735
don't know,3735
global payments,3735
#obirum #blockchain,3730
tokens please,3727
excited work,3727
making hard,3727
hard don't,3726
hype making,3712
worry papa,3709
papa duck,3709
#btc #neo,3708
seeing singapore,3708
duck covered,3707
coin register,3706
#monero #xmr,3699
homes #blockchain,3697
@aelfblockchain looking,3687
tweet bonus,3684
bitcoin transaction,3682
buying bitcoin,3677
singapore https://t.co/dick7nxctl,3674
pre-ico live,3673
supply chain,3673
towards pilot,3672
xrapid uses,3670
using bitcoin,3660
#bounty #btc,3659
payment flows,3649
united stat,3642
today join,3641
crypto assets,3638
bitrace pre-ico,3635
#blockchain adoption,3635
airdrop announcement,3634
participate token,3629
pilot implementation,3616
implementation xrapid,3611
#ltc #bch,3606
we'll send,3604
limited-time offer,3603
work @westernunion,3601
@westernunion towards,3601
deposit limited-time,3600
security crypto,3600
can't wait,3599
bitcoin coinbase,3598
worth bitcoin,3592
last airdrop,3589
everybody join,3589
stealth grid,3587
airdrop help,3584
uses payment,3582
@ripple excited,3578
launch decentralized,3577
invite everybody,3574
financial services,3563
coin give,3562
industry providing,3553
#newsoftheweek #bitcoin,3548
innovative technological,3545
providing innovative,3543
tokens revolutionising,3539
revolutionising gaming,3539
made speech,3535
many people,3532
solutions benefit,3531
#bitcoin #etherum,3527
thanks support,3527
#cryptocurrency #altcoins,3526
technological solutions,3526
@stealthcrypto_ stealth,3519
bonus obirum,3519
@aelfblockchain @czhuling,3514
#neo #ltc,3514
#erc20 token,3511
global blockchain,3507
launches cryptocurrency,3507
decentralized system,3505
@czhuling made,3498
accept bitcoin,3497
#ledgerwallet protects,3490
exos token,3489
going take,3482
first transactions,3472
@bigmoneymike6 told,3468
#tokensale #bitcoin,3464
please join,3459
give check,3456
crypto markets,3454
2018 bitcoin,3444
thank support,3444
working solving,3442
followers send,3438
solving privacy,3435
mark carney,3435
time giveaway,3431
steps towards,3428
ripple stellar,3427
amazing prediction,3426
friends comment,3425
launch cryptocurrency,3422
cold storage,3416
last week,3415
digital currencies,3414
tokens every,3414
ever ever,3405
#xmr #dash,3405
#xrp #neo,3404
chinese year,3400
market rank,3398
#neo #eth,3395
#ripple #xrpthestandard,3393
#xrp #xrpthestandard,3385
bitcoin litecoin,3381
#rewardcoin giveaway,3375
opened doors,3364
miss first,3361
exciting news,3357
everything need,3357
#cryptocurrency exchange,3355
cash ripple,3354
crypto bank,3339
@cryptocoinnewz time,3331
dear friends,3330
community members,3328
bitcoin volatility,3322
telegram users,3314
joined network,3312
#bitcoin #fintech,3310
thank later,3310
@rewardtoken #rewardcoin,3307
segwit bitcoin,3298
crypto #ethereum,3297
#usd market,3296
first bitcoin,3295
number times,3293
#blockchain #tokensale,3290
zero zero,3290
registration open,3287
@exostoken exos,3286
check latest,3284
token security,3284
answer zero,3277
thick skulls,3277
dear developers,3275
@malwarejake dear,3274
developers answer,3274
zero thick,3274
skulls zero,3274
times anyone,3274
raised million,3273
zero number,3273
every person,3271
game companies,3269
waller @wallermadev,3267
@wallermadev blogs,3267
blogs @just_hash_me,3267
@just_hash_me truth,3267
#live #free,3266
towards blockchain,3265
@minerpool_net nodez,3265
truth nodez,3265
steven seagal,3265
news bitcoin,3260
answer questions,3260
#btc #free,3260
#blockchain #eth,3259
trade crypto,3255
microsoft steps,3255
technology planning,3255
signal hours,3255
#crypto #xrp,3252
project follow,3251
steve wozniak,3248
aready collected,3246
sign earn,3240
sharing platform,3240
medium post,3238
airdrop receive,3236
#verge #xvg,3232
real world,3232
using #blockchain,3230
dutch bank,3229
calling cryptocurrency,3224
#airdrop #cryptocurrency,3221
dracaryscoin airdrop,3221
currency exchange,3219
#bitlong token,3218
waller #altcoin,3215
@bobsrepair @bobsrepair,3214
@just_hash_me nodez,3213
#cryptocurrency https://t.co/xtriaaylyq,3213
https://t.co/xtriaaylyq https://t.,3213
@crowdvillaio holiday,3211
@bethereumteam we've,3211
customers can't,3209
maximize profit,3205
team members,3205
left till,3203
future blockchain,3203
exchanges want,3202
every participant,3201
expert take,3201
address value,3201
ethereum litecoin,3199
cryptopennystock @gmail,3198
@kdatabyte calling,3195
want maximize,3195
profit king,3195
king customers,3195
can't hand,3195
litecoin cardano,3194
video https://t.co/jwwwlsd4y0,3193
https://t.co/jwwwlsd4y0 https://t.co/4rpjpcitow,3193
payment method,3191
club opened,3190
crowd machine,3190
#airdrop #airdropalert,3190
@tendswiss tend,3188
engineering team,3184
thanks @smoke_io,3181
stock market,3178
#thestreet #jimmyfallon,3176
exchange conference,3176
#free #xrp,3168
simply follow,3163
decentralized exchange,3163
like post,3163
join dracaryscoin,3162
finished testing,3160
"#btc 9,000",3158
start trading,3157
doors people,3156
#blockchain #tech,3150
latest development,3150
widely used,3145
@tronfoundation @justinsuntron,3141
team finished,3140
average price,3134
testing segwit,3133
#cryptocurrency #tokensale,3131
blockchain based,3121
familypoints platform,3116
#freetoken #crypto,3113
digital asset,3111
retweet message,3111
wallet received,3111
binance signal,3111
long short,3108
away winner,3103
sending tokens,3103
discord channel,3100
cryptocurrency world,3095
week give,3095
energytoken free,3095
give every,3091
join it's,3090
crypto space,3089
"10,000 giveaway",3084
stellar litecoin,3084
emerging markets,3082
#eth #freetoken,3080
bitcoin digital,3076
youtube channel,3075
community pool,3070
cardano price,3068
telegram chat,3068
pretty much,3067
join rocket,3067
update #ethereum,3067
@rocketpooi join,3066
rocket community,3066
pool sending,3066
tokens x4b5f2322915ff6697da532902588e2cfcf123610,3066
x4b5f2322915ff6697da532902588e2cfcf123610 recei,3066
coinbase starting,3066
privacy coin,3063
#enrt energytoken,3063
supply 100000000.0,3058
#ico @obirumbrowser,3058
please follow,3057
mass adoption,3057
@documenttailor #preico,3057
free #eergytokens,3055
@coinbase engineering,3052
#rsi signals,3051
participate #bitcoin,3050
post comment,3050
chosen friday,3048
"hits 12,000",3048
within hours,3047
vitalik buterin,3045
"12,000 week",3044
failed currency,3044
miss opportunity,3043
bitcoin scam,3043
person quote,3041
#ethereum #casper,3037
#casper #proofofstake,3036
phased launch,3036
starting phased,3035
#cybersecurity #infosec,3034
test network,3033
#cannabis #stocks,3033
first ever,3031
@rocketpooi https://t.co/2p7evq5ebe,3029
https://t.co/2p7evq5ebe latest,3029
#eergytokens bring,3029
launch customer,3024
fastest growing,3022
united states,3018
asset exchange,3011
pinned post,3011
#cryptocurrency scene,3010
payment system,3008
#crypto #cryptocurrencynews,3008
privacy problems,3002
cryptocurrency traders,3001
#smokenetwork going,2999
friday retweet,2997
investment company,2997
amazing news,2996
effective immediately,2996
#blockchain #token,2994
cryptocurrency investment,2994
@kickcity_io kickcity,2993
#free #airdrop,2991
immediately withdrawal,2986
#fintech #insurtech,2981
join token,2980
value token,2980
#airdrop worth,2978
think #smokenetwork,2974
#diw #diwtoken,2970
published crypto,2969
first product,2969
tokens join,2969
#crypto #airdrop,2965
it's time,2960
@denaro_io denaro,2957
@dracaryscoin join,2957
#bitcoin bitcoin,2956
hello everyone,2954
clipper coin,2954
financial institutions,2952
ready next,2951
airdrop alert,2949
@mavro_coin mavro,2948
participants follow,2948
coin capital,2948
bitcoinus team,2946
#ltc #ven,2942
#ico #token,2941
technology stealthcrypto,2940
furniture helps,2939
platform furniture,2937
#smartparenting #blockchain,2937
product familypoints,2936
york reuters,2936
helps children,2932
#tron #trx,2932
#pornhub #redtube,2931
stock exchange,2931
children develop,2931
coin decentralized,2929
cryptocurrency markets,2926
bonus tokens,2925
cryptocurrency miners,2925
#mavro #cryptocurrency,2925
round airdrop,2925
5000 participants,2924
1000 people,2923
@binancealert best,2921
earn money,2917
develop #smartparenting,2917
#bitcoin #altcoin,2914
#figacoin #bitcoin,2913
round bounties,2912
white house,2909
#paymon #cryptocurrency,2906
@documenttailor #doctailor,2906
game changer,2905
figa coin,2900
company blackrock,2899
@familypointsio first,2896
#cryptocurrency #ecb,2896
quantum generation,2896
"100,000 giveaway",2895
kucoin #giveaway,2894
smoke airdrop,2894
announce official,2894
ever seen,2893
sachs crypto,2893
#redtube #xhamster,2891
#token #ethereum,2891
free week,2887
start bitcoin,2887
#ethereum #ether,2886
#cryptocurrency figa,2886
100000000.0 volume,2885
segwit support,2882
sale bonus,2879
read latest,2878
million tokens,2877
transaction fees,2872
crypto coins,2870
bounties clipper,2870
capital known,2870
known goldman,2870
@ggbeat_com don't,2868
positive feedback,2867
community every,2860
follow steps,2859
#crypto #eth,2857
#airdrop #figacoin,2856
decentralized photo,2855
make crypto,2854
hours remaining,2854
#token #ico,2852
sign free,2851
says crypto,2846
#giveaway #bitcoin,2845
last round,2845
#trx #ada,2844
found dead,2844
problems blockchain,2843
tokens https://t.co/ig8syec6zq,2841
https://t.co/ig8syec6zq #airdrop,2841
come check,2840
bitcoin today,2839
limited number,2836
#blockchain #blockchaintechnology,2830
cryptocurrency widely,2826
photo sharing,2822
join channel,2821
still #airdrop,2820
become part,2819
free #airdrop,2818
#xhamster #youporn,2817
bitcoin code,2817
#etherum #etherdelta,2816
last minutes,2816
please comment,2815
music #blockchain,2814
#crypto #invest,2813
#eth #bch,2811
crypto miners,2811
tokens telegram,2807
official partnership,2803
feel free,2800
leverage bitmex,2797
going live,2797
ricegum bitcoin,2795
price prediction,2794
best crypto,2792
#izx #izetex,2791
node tokens,2783
@aelfblockchain happy,2783
@digitizecoin would,2780
#iot #bigdata,2779
partnership @datxofficial,2779
running airdrop,2778
#youporn #jacquieetmichel,2778
back crypto,2777
dont miss,2776
first 1000,2775
coins worth,2774
participant receiv,2774
#xrapid pilot,2773
#btc #cryptocurrency,2772
cash back,2772
@datxofficial https://t.co/oflquiixyj,2772
#jimmyfallon #forbes,2769
bitcoin airdrop,2768
cambridge global,2767
#jacquieetmichel #btc,2758
within minutes,2758
reduction withdrawal,2757
#ecb #europeancryptob,2754
left pre-sale,2751
next generation,2748
enter https://t.,2748
free signals,2746
left join,2744
#bitcoin #dogecoin,2742
#crypto #sale,2739
receive token,2738
@mvasey artificial,2737
trillion investment,2734
ethereum ripple,2733
follow rules,2732
spread word,2728
20.02 2018,2727
#ico #whitelist,2726
change world,2724
join #ito,2724
#token #bitcoin,2723
craig wright,2722
every hour,2721
started project,2721
easy check,2720
@binance_2017 #binance,2713
year bitcoin,2712
look like,2712
last till,2712
@hurify_hur hurify,2711
bitrace website,2708
#airdrop last,2708
business model,2707
announce reduction,2707
carney says,2706
short term,2705
days hurry,2703
nucleus vision,2703
#binance happy,2702
speech blockchain,2699
fees effective,2699
become popular,2696
retweet #crypto,2695
crypto traders,2695
#highrewardcoin #hrc,2695
"till 2,2018",2694
crypto republic,2691
#bounty campaign,2689
crypto rewards,2688
#xrp #blockchain,2687
https://t.co/beq4wtyvts #highrewardcoin,2687
"2,2018 send",2686
#ltc #btc,2684
live team,2682
buyers #ico,2680
bhad bhabie,2680
visit https,2674
prime minister,2673
ethereum wallet,2673
still live,2670
@grain_io grain,2669
#preico receive,2668
#trx #tron,2667
@skychainglobal meet,2665
signals join,2661
sale please,2659
#open #crypto,2658
@gilplatform gilgamesh,2658
#token #tokensale,2657
using #xrapid,2657
earth token,2655
"going 10,000",2655
"going 9,000",2653
first people,2652
bhabie diss,2651
"9,000 told",2646
"10,000 predicting",2646
"predicting 11,000",2646
bought bitcoin,2643
#ltc #xrp,2643
blockchain project,2639
platform airdrop,2639
last night,2638
#eth #ico,2638
"10,000 members",2635
"worth 1,000,000",2634
@bankxrp ripple,2630
initial coin,2627
million worth,2627
#ethereum #tokensale,2626
blockchain globalization,2626
supported trading,2624
globalization cryptocurrency,2624
late re-tweet,2623
like friends,2619
#ico #bitcoin,2618
@vestarin vestarin,2618
send we'll,2616
virtual currency,2615
want learn,2613
@bubbletone_eng #bubbletone,2613
number generation,2613
bitcoin futures,2612
grid technology,2612
generation quantum,2612
stealthcrypto utilizes,2611
utilizes quantum,2611
quantum number,2611
pairs include,2610
purchase tokens,2603
want make,2603
join #ico,2600
advisory board,2597
trading signals,2595
exchange focused,2594
join community,2590
join first,2589
market capitalization,2587
available kucoin,2587
enter #giveaway,2585
cryptocurrency wallet,2584
"provide 13,000",2580
announce cambridge,2580
next days,2579
exchange platform,2577
members vip-system,2574
vip-system pre-pumps,2574
bitcoin going,2573
pilot provide,2572
pre-pumps group,2571
@ripple happy,2571
payments @cambridge_fx,2571
@cambridge_fx using,2570
bonus https://t.co/eigmzzaz6v,2569
kucoin supported,2569
group profits,2567
today last,2566
bitcoin trading,2566
kucoin totally,2564
#blockchain #vestarin,2564
"13,000 global",2564
#tokensale #cryptocurrency,2561
thanks everyone,2560
generation communica,2557
free cryptocurrency,2555
conference stan,2555
giveaway giving,2550
we've launched,2547
earn bonus,2545
enterprise ethereum,2545
bonus airdrop,2544
supercomputer last,2543
crypto token,2542
"join 10,000",2541
@debitumnetwork debitum,2537
great video,2532
binance temporarily,2530
#vestarin #ico,2529
popular payment,2529
started first,2526
airdrop value,2526
#blockchain #iot,2526
#fintech #ethereum,2524
token #airdrop,2522
2018 every,2522
temporarily accepting,2520
find article,2519
update february,2517
bitcoin bhad,2517
pre-ico token,2513
ethereum alliance,2513
2018 year,2511
referral link,2507
#btc #giveaway,2506
1000 first,2506
#airdrop follow,2504
https://t.co/tbro8muqhu updates,2502
retweet giveaway,2502
real time,2500
2595 every,2499
#altcoins #bitcoin,2490
@vicetoken #viceindustrytoken,2488
using crypto,2486
#airdrop #btc,2484
#ico #presale,2483
tweet please,2482
still active,2481
join receive,2480
gates says,2480
we'll giveaway,2478
@signals_network signals,2478
technology offers,2475
#giveaway https,2473
secure wallet,2471
project first,2471
official airdrop,2469
check great,2464
bitcoin exchanges,2463
classic price,2463
ends hours,2463
@blockportbpt 1000,2463
@triforcetokens join,2462
short bitcoin,2461
bitcoin giveaway,2457
sure join,2451
gilgamesh platform,2449
best bitcoin,2449
visa mastercard,2448
full article,2448
bitcoin worth,2448
check randword,2447
#litecoin #ethereum,2444
giveaway tweet,2443
learn read,2442
token pre-sale,2439
data center,2438
retweet winner,2437
public token,2436
#btc #ico,2435
registration online,2434
european crypto,2434
reuters bitcoin,2432
crypto investing,2431
#airdrops #airdropalert,2431
@justinsuntron @tronkr,2431
online checked,2429
crowdsale live,2427
bitcoin fees,2427
@binance_2017 giving,2427
group https,2426
leviathan chain,2426
business loans,2425
giveaway we'll,2424
ways trade,2423
serenity first,2422
profits crypto,2422
offers game,2420
airdrop tokens,2419
platform deliver,2419
@theabyss #theabyss,2418
maximize profits,2417
bitcoin free,2416
currently open,2416
retail investors,2416
purchase participate,2416
deliver technology,2415
companies players,2415
players ways,2415
trade peer-to-peer,2415
read medium,2414
bonus serenity,2413
binance accepting,2411
#litecoin #dash,2410
join cryptocurrency,2409
deposit withdraw,2409
racing city,2408
@triforcetokens platform,2408
peer-to-peer transacti,2408
fast secure,2406
covered giving,2406
away 1080,2406
look forward,2404
missed we're,2404
much failed,2404
bitcoin creator,2403
future money,2403
community airdrop,2402
subscribe newsletter,2402
tesla cloud,2401
#blockchain #trading,2399
@joshog crypto,2398
1080 1070,2398
exchange bonus,2396
sell bitcoin,2396
loans asset,2395
bonus upon,2395
high reward,2394
amount raised,2394
join triforce,2393
upon purchase,2393
#blockchain based,2392
republic marshall,2392
bonus genieico,2391
genieico business,2391
store value,2391
btcnews #bitcoin,2391
#blockchain https,2390
april 2018,2388
blackrock acknowledged,2388
acknowledged cryptocurrency,2388
bitcoin rises,2387
market manipulation,2386
fairly direct,2386
used near,2385
start earning,2383
future bitco,2383
receive airdrop,2381
betting platforms,2381
#mee lists,2378
recovery center,2376
days away,2376
space #blockchain,2375
@bitcoinus_io trillion,2374
next years,2372
live bitrace,2369
#bitcoin #faucet,2368
starts march,2368
tunisia racing,2366
march enter,2366
"1,200 newsstands",2366
cryptocurrency rules,2365
best cryptocurrency,2364
anytime soon,2364
@kucoincom #mee,2363
something huge,2363
private sale,2362
totally #btc,2362
learning maximize,2357
sign binance,2355
bibox next,2353
cryptocurrency industry,2352
litecoin gold,2351
bitcoin market,2350
#cryptocurrency #monero,2350
#bitcoin #etherium,2349
blockchain competition,2349
featured @nasdaq,2349
dont forget,2348
film industry,2345
created javascript,2344
trading find,2342
digital gold,2339
stop losing,2338
digital money,2337
official audio,2336
finalist global,2336
crypto investment,2334
exclusive airdrop,2333
dbrain featured,2333
party trackers,2332
javascript block,2331
block used,2331
used party,2331
trackers fingerprinting,2331
forefront advancements,2331
advancements space,2331
great work,2330
quote 1050,2330
@brendaneich created,2329
chosen finalist,2329
blockchain platform,2328
bonus still,2328
fingerprinting definitely,2328
definitely bloc,2328
email info,2328
@nasdaq forefront,2328
welcome crypto,2327
reward risk,2326
#jnt lists,2325
#bounty #cryptocurrency,2324
competition read,2322
minimum purchase,2319
part tend,2318
@jyustinsuntron @tronfoundation,2317
free bitcoins,2314
#btc goes,2314
familypoints chosen,2314
#xrpthestandard #xrp,2313
order make,2313
enter address,2312
giveaway time,2311
losing signal,2310
signal early,2310
#blockchain #crowdfunding,2309
#blockchain #p2p,2308
waves platform,2308
#dash #verge,2306
@dbrainio dbrain,2306
platform sell,2305
best privacy,2303
part future,2302
#giveaway million,2302
based ethereum,2299
listen live,2298
i'll giving,2298
@aelfblockchain listed,2297
#ethereum #ripple,2294
#blockchain https://t.co/7moudpua,2293
cryptocurrency bitcoin,2291
airdrop form,2291
built blockchain,2291
bitcoin future,2290
channel called,2287
conference switzerland,2287
@omnitudeorg omnitude,2286
news updates,2286
#coin #airdrop,2286
earn cash,2286
#cryptocurrency #ada,2284
post https,2284
time high,2283
post address,2283
official telegram,2281
solely based,2281
#deeponion #onion,2273
#cryptocurrency #trading,2273
#ripple #litecoin,2272
#cryptonews #crypto,2272
website https://t.co/xlo131tgk0,2271
community first,2269
"8,000 #rwc",2269
venezuela launches,2269
#lunes #blockchain,2268
price action,2267
we're currenctly,2267
currenctly running,2267
#xvg #deeponion,2267
share high,2266
verify identity,2266
@kucoincom #jnt,2265
risk signals,2262
#cardano #crypto,2261
bring frien,2261
sale days,2260
trading volume,2259
korean cryptocurrency,2258
coin vote,2258
starting listen,2256
#airdrop @sportbetchain,2256
ways #blockchain,2254
taking part,2253
left receive,2253
twitter account,2253
nice project,2252
next binance,2251
@sportbetchain #blockchaintechnology,2251
made share,2250
signal binance,2250
@ntok_io guys,2250
solve biggest,2250
follow bibox,2247
binance link,2247
called made,2246
#ico #altcoin,2245
help test,2245
tokens sold,2242
bitcoin thieves,2240
@btltoken bitlong,2236
last minute,2234
#blockchaintechnology payments,2234
bitmex discount,2233
another great,2230
"9,000 #btc",2227
@bigmoneymike6 #bmm,2226
#bmm knows,2226
knows #cryptos,2226
#cryptos #pennystocks,2226
#pennystocks weeeeeeeeeeee,2226
"weeeeeeeeeeee 9,000",2226
free #bitcoin,2225
#bitcoin #cryptocurrencies,2225
ethereum token,2221
cash #lcc,2219
digital ecosystem,2219
order verify,2219
1000 order,2218
#cryptocurrency #investment,2216
first #blockchain,2216
payments betting,2212
#eth #giveaway,2209
@lympo_io @lympo_io,2208
dont know,2208
"@seigi44 100,000",2207
identity send,2206
starting march,2204
#ltc #eth,2203
proof stake,2203
address comments,2203
#eth #ada,2201
early bird,2200
latest article,2198
worlds first,2197
airdrop send,2197
investors fall,2196
hurry first,2193
group join,2193
announce first,2192
users find,2192
#cryptocurrency #cannabis,2189
#crypto #altcoi,2189
#ltc going,2188
away enter,2188
currently accepting,2187
crypto trader,2187
#cryptocurrency #cryptocurrencies,2186
bitcoin report,2185
first place,2185
soba recovery,2185
center helpline,2185
#token #investment,2185
team working,2185
bitcoin month,2185
signals telegram,2181
video game,2179
twist drum,2179
drum slot,2178
slot mashine,2178
mastering bitcoin,2177
mashine satoshi,2176
first high,2175
familypoints ecosystem,2173
quick sign,2171
software license,2169
@bitcoinneworg bitcoin,2169
binance currently,2167
open limited,2167
less days,2165
digital assets,2164
hurry binance,2163
crypto revolution,2160
raised pre-sale,2160
pre-sale live,2159
next months,2159
business risk,2159
stop calling,2158
@bigmoneymike6 #cryptocurrency,2158
"started 585,858,585",2158
"585,858,585 sale",2158
calling bitcoin,2157
claim bonus,2157
learning trick,2157
trick thank,2157
changing regulations,2157
seems like,2156
#xrpthestandard #ripple,2156
round re-tweet,2156
step guide,2156
pause token,2156
event amidst,2156
amidst changing,2156
@cryptoosid added,2156
binance closes,2155
closes registration,2155
high factors,2154
"away 1,000,000",2154
followers address,2153
@sportbetchain free,2152
want reward,2151
@jade_white23 made,2151
familypoints pause,2151
good time,2150
factors jackpots,2150
regulations learn,2150
joined smoke,2148
blame cryptocurrency,2148
partnership @binance_2017,2148
year email,2146
fall prey,2146
it's official,2146
purchase 2048,2145
2048 cracking,2145
cracking software,2145
license year,2145
info @automatski,2145
@automatski need,2145
smart cities,2145
pump dump,2144
bitcoin millionaire,2144
#onion #zcash,2144
months bitcoin,2144
#cannabis #airdrop,2144
good morning,2143
efficiently collect,2143
dear @billgates,2143
partnering foxconn's,2142
foxconn's data,2141
center safedx,2141
safedx together,2141
join crypto,2140
together efficiently,2140
verified binance,2139
#bitcoincash #bch,2139
high july,2139
percent change,2139
@gmail @bigmoneymike6,2139
#blockchain revolution,2138
#litecoin fork,2138
signals partnering,2138
cryptocurrency deaths,2138
claim airdrop,2137
bitcoin 2018,2137
@billgates blame,2137
deaths resulting,2137
purchase fentanyl,2137
address send,2136
main #token,2135
"20,000 raised",2135
comments https://t.co/pzl,2135
resulting purchase,2135
couple days,2134
#bch #bcc,2133
crypto order,2133
bonus tokia,2132
registration currently,2132
@sp8de_official sale,2132
fentanyl dark,2132
andreas antonopoulos,2131
promote bitcoin,2130
crypto experts,2129
open token,2128
read https://t.co/0sdxoqx,2128
latest bitcoin,2127
users giving,2126
post followers,2126
@3ideraven dear,2126
participate retweet,2124
blocks left,2124
need mone,2124
cryptocurrency hardware,2123
crypto scam,2122
1000 followers,2121
checked binance,2120
ready launch,2119
don't think,2118
charlie munger,2116
#airdrop #airdrop,2115
approved crypto,2115
global support,2114
@volans_official story,2113
england governor,2113
donating ethereum,2112
sure retail,2112
manipulation fraud,2112
prey market,2111
sheila bair,2110
#blockchain #altcoins,2109
huge today,2109
#tech disrupt,2107
#bigdata #blockchain,2107
could become,2106
@bitcoinus_io approved,2106
today telegram,2105
launched something,2105
reward users,2104
@nokaigakuwaku @gusubantegashi,2104
full segwit,2103
@coindesk bitcoin,2102
#satoshi #bitcoin,2102
pre-sale thank,2102
airdrop lexit,2101
starts days,2101
community overwhelmed,2101
lexit community,2100
utilises #blockchain,2100
thank sapien,2100
sapien community,2100
overwhelmed global,2100
sign lexit,2099
lexit utilises,2099
like #bitcoin,2099
#ethereum #altcoin,2098
developing crypto,2096
global digital,2095
disrupt companies,2094
head shoulders,2094
"@sapien_network 20,000",2093
stay date,2092
#exchange #cry,2092
debit cards,2091
might even,2090
binance holder,2090
back https://t.co/zzco3ex7pu,2090
https://t.co/zzco3ex7pu #coincheck,2090
whole market,2089
@applancer_pro coin,2089
take #btc,2088
feedback amazing,2087
already medium,2086
hottest trend,2086
mined height,2085
#token holders,2085
group head-start,2085
head-start positive,2085
would love,2084
profits 4000,2084
industry creating,2083
even take,2082
hurify advisor,2082
@bitcoin_token #giveaway,2082
tokyo reuters,2081
#bch #eth,2080
also joining,2079
bitcoin magazine,2077
week left,2076
chief marketing,2076
countries developing,2076
first followers,2075
e-commerce giant,2075
islands also,2075
airdrop first,2073
blockchain startup,2072
price rise,2071
joining hottest,2071
token price,2070
#casino #satoshi,2070
#bitcoin #crane,2070
doct #tokens,2066
#cryptocurrencies #cryptorevolution,2065
#doctailor #tokens,2064
conference 2018,2063
#ethereum #btc,2062
@bitcoinus_io countries,2062
airdrop bounty,2061
bitcoin dead,2061
second round,2060
@syncfab @syncfab,2057
#blockchain #ripple,2056
like reach,2056
#ada #blockchain,2055
